test	csv	file	with	several	columns
so	that	we	can	test	it
test	csv	file	with	several	columns
so	that	we	can	test	it
test	csv	file	with	several	columns
so	that	we	can	test	it
test	csv	file	with	several	columns
so	that	we	can	test	it
test	csv	file	with	several	columns
so	that	we	can	test	it
test	csv	file	with	several	columns
so	that	we	can	test	it
test	csv	file	with	several	columns
so	that	we	can	test	it
test	csv	file	with	several	columns
so	that	we	can	test	it
test	csv	file	with	several	columns
so	that	we	can	test	it
test	csv	file	with	several	columns
so	that	we	can	test	it
test	csv	file	with	several	columns
so	that	we	can	test	it
test	csv	file	with	several	columns
so	that	we	can	test	it
test	csv	file	with	several	columns
so	that	we	can	test	it
test	csv	file	with	several	columns
so	that	we	can	test	it
test	csv	file	with	several	columns
so	that	we	can	test	it
test	csv	file	with	several	columns
so	that	we	can	test	it
test	csv	file	with	several	columns
so	that	we	can	test	it
test	csv	file	with	several	columns
so	that	we	can	test	it
test	csv	file	with	several	columns
so	that	we	can	test	it
test	csv	file	with	several	columns
so	that	we	can	test	it
test	csv	file	with	several	columns
so	that	we	can	test	it
test	csv	file	with	several	columns
so	that	we	can	test	it
test	csv	file	with	several	columns
so	that	we	can	test	it
test	csv	file	with	several	columns
so	that	we	can	test	it
test	csv	file	with	several	columns
so	that	we	can	test	it
test	csv	file	with	several	columns
so	that	we	can	test	it
test	csv	file	with	several	columns
so	that	we	can	test	it
test	csv	file	with	several	columns
so	that	we	can	test	it
test	csv	file	with	several	columns
so	that	we	can	test	it
test	csv	file	with	several	columns
so	that	we	can	test	it
test	csv	file	with	several	columns
so	that	we	can	test	it
test	csv	file	with	several	columns
so	that	we	can	test	it
test	csv	file	with	several	columns
so	that	we	can	test	it
test	csv	file	with	several	columns
so	that	we	can	test	it
test	csv	file	with	several	columns
so	that	we	can	test	it
test	csv	file	with	several	columns
so	that	we	can	test	it
test	csv	file	with	several	columns
so	that	we	can	test	it
test	csv	file	with	several	columns
so	that	we	can	test	it
test	csv	file	with	several	columns
so	that	we	can	test	it
test	csv	file	with	several	columns
so	that	we	can	test	it
test	csv	file	with	several	columns
so	that	we	can	test	it
test	csv	file	with	several	columns
so	that	we	can	test	it
test	csv	file	with	several	columns
so	that	we	can	test	it
test	csv	file	with	several	columns
so	that	we	can	test	it
test	csv	file	with	several	columns
so	that	we	can	test	it
test	csv	file	with	several	columns
so	that	we	can	test	it
test	csv	file	with	several	columns
so	that	we	can	test	it
test	csv	file	with	several	columns
so	that	we	can	test	it
test	csv	file	with	several	columns
so	that	we	can	test	it
test	csv	file	with	several	columns
so	that	we	can	test	it
test	csv	file	with	several	columns
so	that	we	can	test	it
test	csv	file	with	several	columns
so	that	we	can	test	it
test	csv	file	with	several	columns
so	that	we	can	test	it
test	csv	file	with	several	columns
so	that	we	can	test	it
test	csv	file	with	several	columns
so	that	we	can	test	it
test	csv	file	with	several	columns
so	that	we	can	test	it
test	csv	file	with	several	columns
so	that	we	can	test	it
test	csv	file	with	several	columns
so	that	we	can	test	it
test	csv	file	with	several	columns
so	that	we	can	test	it
test	csv	file	with	several	columns
so	that	we	can	test	it
test	csv	file	with	several	columns
so	that	we	can	test	it
test	csv	file	with	several	columns
so	that	we	can	test	it
test	csv	file	with	several	columns
so	that	we	can	test	it
test	csv	file	with	several	columns
so	that	we	can	test	it
test	csv	file	with	several	columns
so	that	we	can	test	it
test	csv	file	with	several	columns
so	that	we	can	test	it
test	csv	file	with	several	columns
so	that	we	can	test	it
test	csv	file	with	several	columns
so	that	we	can	test	it
test	csv	file	with	several	columns
so	that	we	can	test	it
test	csv	file	with	several	columns
so	that	we	can	test	it
test	csv	file	with	several	columns
so	that	we	can	test	it
test	csv	file	with	several	columns
so	that	we	can	test	it
test	csv	file	with	several	columns
so	that	we	can	test	it
test	csv	file	with	several	columns
so	that	we	can	test	it
test	csv	file	with	several	columns
so	that	we	can	test	it
test	csv	file	with	several	columns
so	that	we	can	test	it
test	csv	file	with	several	columns
so	that	we	can	test	it
test	csv	file	with	several	columns
so	that	we	can	test	it
test	csv	file	with	several	columns
so	that	we	can	test	it
test	csv	file	with	several	columns
so	that	we	can	test	it
test	csv	file	with	several	columns
so	that	we	can	test	it
test	csv	file	with	several	columns
so	that	we	can	test	it
test	csv	file	with	several	columns
so	that	we	can	test	it
test	csv	file	with	several	columns
so	that	we	can	test	it
test	csv	file	with	several	columns
so	that	we	can	test	it
test	csv	file	with	several	columns
so	that	we	can	test	it
test	csv	file	with	several	columns
so	that	we	can	test	it
test	csv	file	with	several	columns
so	that	we	can	test	it
test	csv	file	with	several	columns
so	that	we	can	test	it
test	csv	file	with	several	columns
so	that	we	can	test	it
test	csv	file	with	several	columns
so	that	we	can	test	it
test	csv	file	with	several	columns
so	that	we	can	test	it
test	csv	file	with	several	columns
so	that	we	can	test	it
test	csv	file	with	several	columns
so	that	we	can	test	it
test	csv	file	with	several	columns
so	that	we	can	test	it
test	csv	file	with	several	columns
so	that	we	can	test	it
test	csv	file	with	several	columns
so	that	we	can	test	it
test	csv	file	with	several	columns
so	that	we	can	test	it
test	csv	file	with	several	columns
so	that	we	can	test	it
test	csv	file	with	several	columns
so	that	we	can	test	it
test	csv	file	with	several	columns
so	that	we	can	test	it
test	csv	file	with	several	columns
so	that	we	can	test	it
test	csv	file	with	several	columns
so	that	we	can	test	it
test	csv	file	with	several	columns
so	that	we	can	test	it
test	csv	file	with	several	columns
so	that	we	can	test	it
test	csv	file	with	several	columns
so	that	we	can	test	it
test	csv	file	with	several	columns
so	that	we	can	test	it
test	csv	file	with	several	columns
so	that	we	can	test	it
test	csv	file	with	several	columns
so	that	we	can	test	it
test	csv	file	with	several	columns
so	that	we	can	test	it
test	csv	file	with	several	columns
so	that	we	can	test	it
test	csv	file	with	several	columns
so	that	we	can	test	it
test	csv	file	with	several	columns
so	that	we	can	test	it
test	csv	file	with	several	columns
so	that	we	can	test	it
test	csv	file	with	several	columns
so	that	we	can	test	it
test	csv	file	with	several	columns
so	that	we	can	test	it
test	csv	file	with	several	columns
so	that	we	can	test	it
test	csv	file	with	several	columns
so	that	we	can	test	it
test	csv	file	with	several	columns
so	that	we	can	test	it
test	csv	file	with	several	columns
so	that	we	can	test	it
test	csv	file	with	several	columns
so	that	we	can	test	it
test	csv	file	with	several	columns
so	that	we	can	test	it
test	csv	file	with	several	columns
so	that	we	can	test	it
test	csv	file	with	several	columns
so	that	we	can	test	it
test	csv	file	with	several	columns
so	that	we	can	test	it
test	csv	file	with	several	columns
so	that	we	can	test	it
test	csv	file	with	several	columns
so	that	we	can	test	it
test	csv	file	with	several	columns
so	that	we	can	test	it
test	csv	file	with	several	columns
so	that	we	can	test	it
test	csv	file	with	several	columns
so	that	we	can	test	it
test	csv	file	with	several	columns
so	that	we	can	test	it
test	csv	file	with	several	columns
so	that	we	can	test	it
test	csv	file	with	several	columns
so	that	we	can	test	it
test	csv	file	with	several	columns
so	that	we	can	test	it
test	csv	file	with	several	columns
so	that	we	can	test	it
test	csv	file	with	several	columns
so	that	we	can	test	it
test	csv	file	with	several	columns
so	that	we	can	test	it
test	csv	file	with	several	columns
so	that	we	can	test	it
test	csv	file	with	several	columns
so	that	we	can	test	it
test	csv	file	with	several	columns
so	that	we	can	test	it
test	csv	file	with	several	columns
so	that	we	can	test	it
test	csv	file	with	several	columns
so	that	we	can	test	it
test	csv	file	with	several	columns
so	that	we	can	test	it
test	csv	file	with	several	columns
so	that	we	can	test	it
test	csv	file	with	several	columns
so	that	we	can	test	it
test	csv	file	with	several	columns
so	that	we	can	test	it
test	csv	file	with	several	columns
so	that	we	can	test	it
test	csv	file	with	several	columns
so	that	we	can	test	it
test	csv	file	with	several	columns
so	that	we	can	test	it
test	csv	file	with	several	columns
so	that	we	can	test	it
test	csv	file	with	several	columns
so	that	we	can	test	it
test	csv	file	with	several	columns
so	that	we	can	test	it
test	csv	file	with	several	columns
so	that	we	can	test	it
test	csv	file	with	several	columns
so	that	we	can	test	it
test	csv	file	with	several	columns
so	that	we	can	test	it
test	csv	file	with	several	columns
so	that	we	can	test	it
test	csv	file	with	several	columns
so	that	we	can	test	it
test	csv	file	with	several	columns
so	that	we	can	test	it
test	csv	file	with	several	columns
so	that	we	can	test	it
test	csv	file	with	several	columns
so	that	we	can	test	it
test	csv	file	with	several	columns
so	that	we	can	test	it
test	csv	file	with	several	columns
so	that	we	can	test	it
test	csv	file	with	several	columns
so	that	we	can	test	it
test	csv	file	with	several	columns
so	that	we	can	test	it
test	csv	file	with	several	columns
so	that	we	can	test	it
test	csv	file	with	several	columns
so	that	we	can	test	it
test	csv	file	with	several	columns
so	that	we	can	test	it
test	csv	file	with	several	columns
so	that	we	can	test	it
test	csv	file	with	several	columns
so	that	we	can	test	it
test	csv	file	with	several	columns
so	that	we	can	test	it
test	csv	file	with	several	columns
so	that	we	can	test	it
test	csv	file	with	several	columns
so	that	we	can	test	it
test	csv	file	with	several	columns
so	that	we	can	test	it
test	csv	file	with	several	columns
so	that	we	can	test	it
test	csv	file	with	several	columns
so	that	we	can	test	it
test	csv	file	with	several	columns
so	that	we	can	test	it
test	csv	file	with	several	columns
so	that	we	can	test	it
test	csv	file	with	several	columns
so	that	we	can	test	it
test	csv	file	with	several	columns
so	that	we	can	test	it
test	csv	file	with	several	columns
so	that	we	can	test	it
test	csv	file	with	several	columns
so	that	we	can	test	it
test	csv	file	with	several	columns
so	that	we	can	test	it
test	csv	file	with	several	columns
so	that	we	can	test	it
test	csv	file	with	several	columns
so	that	we	can	test	it
test	csv	file	with	several	columns
so	that	we	can	test	it
test	csv	file	with	several	columns
so	that	we	can	test	it
test	csv	file	with	several	columns
so	that	we	can	test	it
test	csv	file	with	several	columns
so	that	we	can	test	it
test	csv	file	with	several	columns
so	that	we	can	test	it
test	csv	file	with	several	columns
so	that	we	can	test	it
test	csv	file	with	several	columns
so	that	we	can	test	it
test	csv	file	with	several	columns
so	that	we	can	test	it
test	csv	file	with	several	columns
so	that	we	can	test	it
test	csv	file	with	several	columns
so	that	we	can	test	it
test	csv	file	with	several	columns
so	that	we	can	test	it
test	csv	file	with	several	columns
so	that	we	can	test	it
test	csv	file	with	several	columns
so	that	we	can	test	it
test	csv	file	with	several	columns
so	that	we	can	test	it
test	csv	file	with	several	columns
so	that	we	can	test	it
test	csv	file	with	several	columns
so	that	we	can	test	it
test	csv	file	with	several	columns
so	that	we	can	test	it
test	csv	file	with	several	columns
so	that	we	can	test	it
test	csv	file	with	several	columns
so	that	we	can	test	it
test	csv	file	with	several	columns
so	that	we	can	test	it
test	csv	file	with	several	columns
so	that	we	can	test	it
test	csv	file	with	several	columns
so	that	we	can	test	it
test	csv	file	with	several	columns
so	that	we	can	test	it
test	csv	file	with	several	columns
so	that	we	can	test	it
test	csv	file	with	several	columns
so	that	we	can	test	it
test	csv	file	with	several	columns
so	that	we	can	test	it
test	csv	file	with	several	columns
so	that	we	can	test	it
test	csv	file	with	several	columns
so	that	we	can	test	it
test	csv	file	with	several	columns
so	that	we	can	test	it
test	csv	file	with	several	columns
so	that	we	can	test	it
test	csv	file	with	several	columns
so	that	we	can	test	it
test	csv	file	with	several	columns
so	that	we	can	test	it
test	csv	file	with	several	columns
so	that	we	can	test	it
test	csv	file	with	several	columns
so	that	we	can	test	it
test	csv	file	with	several	columns
so	that	we	can	test	it
test	csv	file	with	several	columns
so	that	we	can	test	it
test	csv	file	with	several	columns
so	that	we	can	test	it
test	csv	file	with	several	columns
so	that	we	can	test	it
test	csv	file	with	several	columns
so	that	we	can	test	it
test	csv	file	with	several	columns
so	that	we	can	test	it
test	csv	file	with	several	columns
so	that	we	can	test	it
test	csv	file	with	several	columns
so	that	we	can	test	it
test	csv	file	with	several	columns
so	that	we	can	test	it
test	csv	file	with	several	columns
so	that	we	can	test	it
test	csv	file	with	several	columns
so	that	we	can	test	it
test	csv	file	with	several	columns
so	that	we	can	test	it
test	csv	file	with	several	columns
so	that	we	can	test	it
test	csv	file	with	several	columns
so	that	we	can	test	it
test	csv	file	with	several	columns
so	that	we	can	test	it
test	csv	file	with	several	columns
so	that	we	can	test	it
test	csv	file	with	several	columns
so	that	we	can	test	it
test	csv	file	with	several	columns
so	that	we	can	test	it
test	csv	file	with	several	columns
so	that	we	can	test	it
test	csv	file	with	several	columns
so	that	we	can	test	it
test	csv	file	with	several	columns
so	that	we	can	test	it
test	csv	file	with	several	columns
so	that	we	can	test	it
test	csv	file	with	several	columns
so	that	we	can	test	it
test	csv	file	with	several	columns
so	that	we	can	test	it
test	csv	file	with	several	columns
so	that	we	can	test	it
test	csv	file	with	several	columns
so	that	we	can	test	it
test	csv	file	with	several	columns
so	that	we	can	test	it
test	csv	file	with	several	columns
so	that	we	can	test	it
test	csv	file	with	several	columns
so	that	we	can	test	it
test	csv	file	with	several	columns
so	that	we	can	test	it
test	csv	file	with	several	columns
so	that	we	can	test	it
test	csv	file	with	several	columns
so	that	we	can	test	it
test	csv	file	with	several	columns
so	that	we	can	test	it
test	csv	file	with	several	columns
so	that	we	can	test	it
test	csv	file	with	several	columns
so	that	we	can	test	it
test	csv	file	with	several	columns
so	that	we	can	test	it
test	csv	file	with	several	columns
so	that	we	can	test	it
test	csv	file	with	several	columns
so	that	we	can	test	it
test	csv	file	with	several	columns
so	that	we	can	test	it
test	csv	file	with	several	columns
so	that	we	can	test	it
test	csv	file	with	several	columns
so	that	we	can	test	it
test	csv	file	with	several	columns
so	that	we	can	test	it
test	csv	file	with	several	columns
so	that	we	can	test	it
test	csv	file	with	several	columns
so	that	we	can	test	it
test	csv	file	with	several	columns
so	that	we	can	test	it
test	csv	file	with	several	columns
so	that	we	can	test	it
test	csv	file	with	several	columns
so	that	we	can	test	it
test	csv	file	with	several	columns
so	that	we	can	test	it
test	csv	file	with	several	columns
so	that	we	can	test	it
test	csv	file	with	several	columns
so	that	we	can	test	it
test	csv	file	with	several	columns
so	that	we	can	test	it
test	csv	file	with	several	columns
so	that	we	can	test	it
test	csv	file	with	several	columns
so	that	we	can	test	it
test	csv	file	with	several	columns
so	that	we	can	test	it
test	csv	file	with	several	columns
so	that	we	can	test	it
test	csv	file	with	several	columns
so	that	we	can	test	it
test	csv	file	with	several	columns
so	that	we	can	test	it
test	csv	file	with	several	columns
so	that	we	can	test	it
test	csv	file	with	several	columns
so	that	we	can	test	it
test	csv	file	with	several	columns
so	that	we	can	test	it
test	csv	file	with	several	columns
so	that	we	can	test	it
test	csv	file	with	several	columns
so	that	we	can	test	it
test	csv	file	with	several	columns
so	that	we	can	test	it
test	csv	file	with	several	columns
so	that	we	can	test	it
test	csv	file	with	several	columns
so	that	we	can	test	it
test	csv	file	with	several	columns
so	that	we	can	test	it
test	csv	file	with	several	columns
so	that	we	can	test	it
test	csv	file	with	several	columns
so	that	we	can	test	it
test	csv	file	with	several	columns
so	that	we	can	test	it
test	csv	file	with	several	columns
so	that	we	can	test	it
